<?xml version="1.0" encoding="utf-8"?>
<!--/767636/1287649/2.50/7/4/Connector/-->
<quadcept_library>
  <setting unit="mil" />
  <textstyle name="Default" height="47.244094488189" strokewidth="7.8740157480315" charwidth="47.244094488189" />
  <textstyle name="Dimension" height="19.6850393700787" strokewidth="0" charwidth="19.6850393700787" />
  <textstyle name="H127W0635TH00762" height="50" strokewidth="3" charwidth="25" />
  <textstyle name="H15W15TH02" height="59.0551181102362" strokewidth="7.8740157480315" charwidth="59.0551181102362" />
  <padstyle name="c80_h40" surface="False" plated="True" isvia="False" nopaste="True" nomask="True" complex="False" holesize="15.748031496063">
    <padshape layer="TOP" shape="round" width="31.496062992126" height="31.496062992126" />
    <padshape layer="TOP_SOLDER_MASK" shape="round" width="39.370078740157" height="39.370078740157" />
    <padshape layer="INNER" shape="round" width="31.496062992126" height="31.496062992126" />
    <padshape layer="BOTTOM" shape="round" width="31.496062992126" height="31.496062992126" />
    <padshape layer="BOTTOM_SOLDER_MASK" shape="round" width="39.370078740157" height="39.370078740157" />
  </padstyle>
  <padstyle name="c180.315_h120.21" surface="False" plated="True" isvia="False" nopaste="True" nomask="True" complex="False" holesize="47.326771653543">
    <padshape layer="TOP" shape="round" width="70.990157480314" height="70.990157480314" />
    <padshape layer="TOP_SOLDER_MASK" shape="round" width="78.864173228345" height="78.864173228345" />
    <padshape layer="INNER" shape="round" width="70.990157480314" height="70.990157480314" />
    <padshape layer="BOTTOM" shape="round" width="70.990157480314" height="70.990157480314" />
    <padshape layer="BOTTOM_SOLDER_MASK" shape="round" width="78.864173228345" height="78.864173228345" />
  </padstyle>
  <footprint name="USB3145301A" originx="0" originy="0" pickpointx="0" pickpointy="0">
    <pcbpin number="1" name="1" style="c80_h40" originx="-51.181102362204" originy="8.6614173228345" rotation="90" />
    <pcbpin number="2" name="2" style="c80_h40" originx="-25.590551181102" originy="-30.708661417322" rotation="90" />
    <pcbpin number="3" name="3" style="c80_h40" originx="0" originy="8.6614173228345" rotation="90" />
    <pcbpin number="4" name="4" style="c80_h40" originx="25.590551181102" originy="-30.708661417322" rotation="90" />
    <pcbpin number="5" name="5" style="c80_h40" originx="51.181102362204" originy="8.6614173228345" rotation="90" />
    <pcbpin number="6" name="6" style="c180.315_h120.21" originx="-140.74803149606" originy="12.992125984252" rotation="90" />
    <pcbpin number="7" name="7" style="c180.315_h120.21" originx="140.74803149606" originy="12.992125984252" rotation="90" />
    <line layer="TOP_ASSEMBLY" originx="-153.54330708661" originy="69.881889763779" endx="153.54330708661" endy="69.881889763779" width="7.8740157480314" />
    <line layer="TOP_ASSEMBLY" originx="153.54330708661" originy="69.881889763779" endx="153.54330708661" endy="-87.598425196849" width="7.8740157480314" />
    <line layer="TOP_ASSEMBLY" originx="153.54330708661" originy="-87.598425196849" endx="-153.54330708661" endy="-87.598425196849" width="7.8740157480314" />
    <line layer="TOP_ASSEMBLY" originx="-153.54330708661" originy="-87.598425196849" endx="-153.54330708661" endy="69.881889763779" width="7.8740157480314" />
    <line layer="TOP_PLACE_BOUND" originx="-215.62992125984" originy="126.96850393701" endx="215.62992125984" endy="126.96850393701" width="3.9370078740157" />
    <line layer="TOP_PLACE_BOUND" originx="215.62992125984" originy="126.96850393701" endx="215.62992125984" endy="-126.96850393701" width="3.9370078740157" />
    <line layer="TOP_PLACE_BOUND" originx="215.62992125984" originy="-126.96850393701" endx="-215.62992125984" endy="-126.96850393701" width="3.9370078740157" />
    <line layer="TOP_PLACE_BOUND" originx="-215.62992125984" originy="-126.96850393701" endx="-215.62992125984" endy="126.96850393701" width="3.9370078740157" />
    <line layer="TOP_SILKSCREEN" originx="-153.54330708661" originy="69.881889763779" endx="153.54330708661" endy="69.881889763779" width="3.9370078740157" />
    <line layer="TOP_SILKSCREEN" originx="-153.54330708661" originy="-30.708661417322" endx="-153.54330708661" endy="-87.598425196849" width="3.9370078740157" />
    <line layer="TOP_SILKSCREEN" originx="-153.54330708661" originy="-87.598425196849" endx="153.54330708661" endy="-87.598425196849" width="3.9370078740157" />
    <line layer="TOP_SILKSCREEN" originx="153.54330708661" originy="-87.598425196849" endx="153.54330708661" endy="-30.708661417322" width="3.9370078740157" />
    <line layer="TOP_SILKSCREEN" originx="-55.11811023622" originy="85.629921259841" endx="-55.11811023622" endy="85.629921259841" width="3.9370078740157" />
    <arc layer="TOP_SILKSCREEN" originx="-53.149606299212" originy="85.629921259841" startangle="180.0" sweepangle="-180.0" radius="1.9685039370079" width="3.9370078740157" />
    <line layer="TOP_SILKSCREEN" originx="-51.181102362204" originy="85.629921259841" endx="-51.181102362204" endy="85.629921259841" width="3.9370078740157" />
    <arc layer="TOP_SILKSCREEN" originx="-53.149606299212" originy="85.629921259841" startangle=".0" sweepangle="-180.0" radius="1.9685039370079" width="3.9370078740157" />
  </footprint>
  <symbol name="USB3145-30-1-A" originx="0" originy="0">
    <line originx="200" originy="100" endx="600" endy="100" width="0" />
    <line originx="600" originy="-400" endx="600" endy="100" width="0" />
    <line originx="600" originy="-400" endx="200" endy="-400" width="0" />
    <line originx="200" originy="100" endx="200" endy="-400" width="0" />
    <sympin number="1" originx="200" originy="0" rotation="180" length="100" width="7.8740157480315" flipped="False">
      <text name="pinname" originx="230" originy="0" style="Default" rotation="0" justify="left" flipped="False" hidden="False" data="1" />
      <text name="pindes" originx="140" originy="20" style="Default" rotation="0" justify="lowerright" flipped="False" hidden="False" data="1" />
    </sympin>
    <sympin number="2" originx="200" originy="-100" rotation="180" length="100" width="7.8740157480315" flipped="False">
      <text name="pinname" originx="230" originy="-100" style="Default" rotation="0" justify="left" flipped="False" hidden="False" data="2" />
      <text name="pindes" originx="140" originy="-80" style="Default" rotation="0" justify="lowerright" flipped="False" hidden="False" data="2" />
    </sympin>
    <sympin number="3" originx="200" originy="-200" rotation="180" length="100" width="7.8740157480315" flipped="False">
      <text name="pinname" originx="230" originy="-200" style="Default" rotation="0" justify="left" flipped="False" hidden="False" data="3" />
      <text name="pindes" originx="140" originy="-180" style="Default" rotation="0" justify="lowerright" flipped="False" hidden="False" data="3" />
    </sympin>
    <sympin number="4" originx="200" originy="-300" rotation="180" length="100" width="7.8740157480315" flipped="False">
      <text name="pinname" originx="230" originy="-300" style="Default" rotation="0" justify="left" flipped="False" hidden="False" data="4" />
      <text name="pindes" originx="140" originy="-280" style="Default" rotation="0" justify="lowerright" flipped="False" hidden="False" data="4" />
    </sympin>
    <sympin number="5" originx="600" originy="0" rotation="0" length="100" width="7.8740157480315" flipped="False">
      <text name="pinname" originx="570" originy="0" style="Default" rotation="0" justify="right" flipped="False" hidden="False" data="5" />
      <text name="pindes" originx="660" originy="20" style="Default" rotation="0" justify="lowerleft" flipped="False" hidden="False" data="5" />
    </sympin>
    <sympin number="6" originx="600" originy="-100" rotation="0" length="100" width="7.8740157480315" flipped="False">
      <text name="pinname" originx="570" originy="-100" style="Default" rotation="0" justify="right" flipped="False" hidden="False" data="6" />
      <text name="pindes" originx="660" originy="-80" style="Default" rotation="0" justify="lowerleft" flipped="False" hidden="False" data="6" />
    </sympin>
    <sympin number="7" originx="600" originy="-200" rotation="0" length="100" width="7.8740157480315" flipped="False">
      <text name="pinname" originx="570" originy="-200" style="Default" rotation="0" justify="right" flipped="False" hidden="False" data="7" />
      <text name="pindes" originx="660" originy="-180" style="Default" rotation="0" justify="lowerleft" flipped="False" hidden="False" data="7" />
    </sympin>
  </symbol>
  <component name="USB3145-30-1-A" designatorprefix="J" height="0" footprint="USB3145301A">
    <comppin designator="1" sympin="1" pinswap="0" gateswap="0" gate="1" group="1" side="" type="Any" name="1" />
    <comppin designator="2" sympin="2" pinswap="0" gateswap="0" gate="1" group="1" side="" type="Any" name="2" />
    <comppin designator="3" sympin="3" pinswap="0" gateswap="0" gate="1" group="1" side="" type="Any" name="3" />
    <comppin designator="4" sympin="4" pinswap="0" gateswap="0" gate="1" group="1" side="" type="Any" name="4" />
    <comppin designator="5" sympin="5" pinswap="0" gateswap="0" gate="1" group="1" side="" type="Any" name="5" />
    <comppin designator="6" sympin="6" pinswap="0" gateswap="0" gate="1" group="1" side="" type="Any" name="6" />
    <comppin designator="7" sympin="7" pinswap="0" gateswap="0" gate="1" group="1" side="" type="Any" name="7" />
    <attached_symbol gate="1" name="USB3145-30-1-A" />
    <pinmap designator="1" footprintpin="1" />
    <pinmap designator="2" footprintpin="2" />
    <pinmap designator="3" footprintpin="3" />
    <pinmap designator="4" footprintpin="4" />
    <pinmap designator="5" footprintpin="5" />
    <pinmap designator="6" footprintpin="6" />
    <pinmap designator="7" footprintpin="7" />
    <text name="Datasheet" originx="0" originy="0" style="Default" rotation="0" justify="" flipped="False" hidden="True" data="" />
    <text name="Description" originx="0" originy="0" style="Default" rotation="0" justify="" flipped="False" hidden="True" data="GCT (GLOBAL CONNECTOR TECHNOLOGY) - USB3145-30-1-A - MICRO USB, 2.0 TYPE B, RECEPTACLE, TH" />
    <text name="Mouser Part Number" originx="0" originy="0" style="Default" rotation="0" justify="" flipped="False" hidden="True" data="640-USB3145-30-1-A" />
    <text name="Mouser Price/Stock" originx="0" originy="0" style="Default" rotation="0" justify="" flipped="False" hidden="True" data="https://www.mouser.co.uk/ProductDetail/GCT/USB3145-30-1-A?qs=KUoIvG%2F9IlYD1lvSRu5iyg%3D%3D" />
    <text name="Manufacturer_Name" originx="0" originy="0" style="Default" rotation="0" justify="" flipped="False" hidden="True" data="GCT (GLOBAL CONNECTOR TECHNOLOGY)" />
    <text name="Manufacturer_Part_Number" originx="650" originy="200" style="Default" rotation="0" justify="left" flipped="False" hidden="False" data="USB3145-30-1-A" />
  </component>
</quadcept_library>
