<?xml version="1.0" encoding="utf-8"?>
<!--/241922/1287649/2.50/13/4/Integrated Circuit/-->
<quadcept_library>
  <setting unit="mil" />
  <textstyle name="Default" height="47.244094488189" strokewidth="7.8740157480315" charwidth="47.244094488189" />
  <textstyle name="Dimension" height="19.6850393700787" strokewidth="0" charwidth="19.6850393700787" />
  <textstyle name="H127W0635TH00762" height="50" strokewidth="3" charwidth="25" />
  <textstyle name="H15W15TH02" height="59.0551181102362" strokewidth="7.8740157480315" charwidth="59.0551181102362" />
  <padstyle name="r80.5_35" surface="True" plated="False" isvia="False" nopaste="False" nomask="True" complex="False" holesize="0">
    <padshape layer="TOP" shape="rectangle" width="13.779527559055" height="31.692913385826" />
    <padshape layer="TOP_SOLDER_MASK" shape="rectangle" width="21.653543307086" height="39.566929133858" />
    <padshape layer="TOP_SOLDER_PASTE" shape="rectangle" width="13.779527559055" height="31.692913385826" />
  </padstyle>
  <padstyle name="r80.5_40" surface="True" plated="False" isvia="False" nopaste="False" nomask="True" complex="False" holesize="0">
    <padshape layer="TOP" shape="rectangle" width="15.748031496063" height="31.692913385826" />
    <padshape layer="TOP_SOLDER_MASK" shape="rectangle" width="23.622047244094" height="39.566929133858" />
    <padshape layer="TOP_SOLDER_PASTE" shape="rectangle" width="15.748031496063" height="31.692913385826" />
  </padstyle>
  <footprint name="VCNL4010GS08" originx="0" originy="0" pickpointx="0" pickpointy="0">
    <pcbpin number="1" name="1" style="r80.5_35" originx="-59.055118110235" originy="-69.763779527558" rotation="0" />
    <pcbpin number="2" name="2" style="r80.5_35" originx="-29.527559055118" originy="-69.763779527558" rotation="0" />
    <pcbpin number="3" name="3" style="r80.5_35" originx="0" originy="-69.763779527558" rotation="0" />
    <pcbpin number="4" name="4" style="r80.5_35" originx="29.527559055118" originy="-69.763779527558" rotation="0" />
    <pcbpin number="5" name="5" style="r80.5_35" originx="59.055118110235" originy="-69.763779527558" rotation="0" />
    <pcbpin number="6" name="6" style="r80.5_40" originx="69.763779527558" originy="-31.496062992126" rotation="90" />
    <pcbpin number="7" name="7" style="r80.5_35" originx="59.055118110235" originy="69.763779527558" rotation="0" />
    <pcbpin number="8" name="8" style="r80.5_35" originx="29.527559055118" originy="69.763779527558" rotation="0" />
    <pcbpin number="9" name="9" style="r80.5_35" originx="0" originy="69.763779527558" rotation="0" />
    <pcbpin number="10" name="10" style="r80.5_35" originx="-29.527559055118" originy="69.763779527558" rotation="0" />
    <pcbpin number="11" name="11" style="r80.5_35" originx="-59.055118110235" originy="69.763779527558" rotation="0" />
    <pcbpin number="12" name="12" style="r80.5_40" originx="-69.763779527558" originy="-6.8897637795275" rotation="90" />
    <pcbpin number="13" name="13" style="r80.5_40" originx="69.763779527558" originy="0" rotation="90" />
    <line layer="TOP_ASSEMBLY" originx="-77.75590551181" originy="77.75590551181" endx="77.75590551181" endy="77.75590551181" width="7.8740157480314" />
    <line layer="TOP_ASSEMBLY" originx="77.75590551181" originy="77.75590551181" endx="77.75590551181" endy="-77.75590551181" width="7.8740157480314" />
    <line layer="TOP_ASSEMBLY" originx="77.75590551181" originy="-77.75590551181" endx="-77.75590551181" endy="-77.75590551181" width="7.8740157480314" />
    <line layer="TOP_ASSEMBLY" originx="-77.75590551181" originy="-77.75590551181" endx="-77.75590551181" endy="77.75590551181" width="7.8740157480314" />
    <line layer="TOP_PLACE_BOUND" originx="-125" originy="125" endx="125" endy="125" width="3.9370078740157" />
    <line layer="TOP_PLACE_BOUND" originx="125" originy="125" endx="125" endy="-125" width="3.9370078740157" />
    <line layer="TOP_PLACE_BOUND" originx="125" originy="-125" endx="-125" endy="-125" width="3.9370078740157" />
    <line layer="TOP_PLACE_BOUND" originx="-125" originy="-125" endx="-125" endy="125" width="3.9370078740157" />
    <line layer="TOP_SILKSCREEN" originx="77.75590551181" originy="78.740157480314" endx="77.75590551181" endy="15.748031496063" width="3.9370078740157" />
    <line layer="TOP_SILKSCREEN" originx="-77.75590551181" originy="78.740157480314" endx="-77.75590551181" endy="7.8740157480314" width="3.9370078740157" />
    <line layer="TOP_SILKSCREEN" originx="-77.75590551181" originy="-23.622047244094" endx="-78.740157480314" endy="-78.740157480314" width="3.9370078740157" />
    <line layer="TOP_SILKSCREEN" originx="77.75590551181" originy="-47.244094488188" endx="77.75590551181" endy="-78.740157480314" width="3.9370078740157" />
    <line layer="TOP_SILKSCREEN" originx="-70.866141732283" originy="-102.36220472441" endx="-70.866141732283" endy="-102.36220472441" width="3.9370078740157" />
    <arc layer="TOP_SILKSCREEN" originx="-68.897637795275" originy="-102.36220472441" startangle="180.0" sweepangle="180.0" radius="1.9685039370079" width="3.9370078740157" />
    <line layer="TOP_SILKSCREEN" originx="-66.929133858267" originy="-102.36220472441" endx="-66.929133858267" endy="-102.36220472441" width="3.9370078740157" />
    <arc layer="TOP_SILKSCREEN" originx="-68.897637795275" originy="-102.36220472441" startangle=".0" sweepangle="180.0" radius="1.9685039370079" width="3.9370078740157" />
  </footprint>
  <symbol name="VCNL4010-GS08" originx="0" originy="0">
    <line originx="200" originy="400" endx="1000" endy="400" width="0" />
    <line originx="1000" originy="-900" endx="1000" endy="400" width="0" />
    <line originx="1000" originy="-900" endx="200" endy="-900" width="0" />
    <line originx="200" originy="400" endx="200" endy="-900" width="0" />
    <sympin number="1" originx="400" originy="-900" rotation="270" length="100" width="7.8740157480315" flipped="False">
      <text name="pinname" originx="400" originy="-870" style="Default" rotation="0" justify="left" flipped="False" hidden="False" data="IR_ANODE" />
      <text name="pindes" originx="380" originy="-960" style="Default" rotation="0" justify="lowerright" flipped="False" hidden="False" data="1" />
    </sympin>
    <sympin number="2" originx="500" originy="-900" rotation="270" length="100" width="7.8740157480315" flipped="False">
      <text name="pinname" originx="500" originy="-870" style="Default" rotation="0" justify="left" flipped="False" hidden="False" data="IR_CATHODE" />
      <text name="pindes" originx="480" originy="-960" style="Default" rotation="0" justify="lowerright" flipped="False" hidden="False" data="2" />
    </sympin>
    <sympin number="3" originx="600" originy="-900" rotation="270" length="100" width="7.8740157480315" flipped="False">
      <text name="pinname" originx="600" originy="-870" style="Default" rotation="0" justify="left" flipped="False" hidden="False" data="IR_CATHODE_" />
      <text name="pindes" originx="580" originy="-960" style="Default" rotation="0" justify="lowerright" flipped="False" hidden="False" data="3" />
    </sympin>
    <sympin number="4" originx="700" originy="-900" rotation="270" length="100" width="7.8740157480315" flipped="False">
      <text name="pinname" originx="700" originy="-870" style="Default" rotation="0" justify="left" flipped="False" hidden="False" data="SDA" />
      <text name="pindes" originx="680" originy="-960" style="Default" rotation="0" justify="lowerright" flipped="False" hidden="False" data="4" />
    </sympin>
    <sympin number="5" originx="800" originy="-900" rotation="270" length="100" width="7.8740157480315" flipped="False">
      <text name="pinname" originx="800" originy="-870" style="Default" rotation="0" justify="left" flipped="False" hidden="False" data="SCL" />
      <text name="pindes" originx="780" originy="-960" style="Default" rotation="0" justify="lowerright" flipped="False" hidden="False" data="5" />
    </sympin>
    <sympin number="6" originx="1000" originy="-100" rotation="0" length="100" width="7.8740157480315" flipped="False">
      <text name="pinname" originx="970" originy="-100" style="Default" rotation="0" justify="right" flipped="False" hidden="False" data="INT" />
      <text name="pindes" originx="1060" originy="-80" style="Default" rotation="0" justify="lowerleft" flipped="False" hidden="False" data="6" />
    </sympin>
    <sympin number="7" originx="800" originy="400" rotation="90" length="100" width="7.8740157480315" flipped="False">
      <text name="pinname" originx="800" originy="370" style="Default" rotation="0" justify="right" flipped="False" hidden="False" data="VDD" />
      <text name="pindes" originx="780" originy="460" style="Default" rotation="0" justify="lowerleft" flipped="False" hidden="False" data="7" />
    </sympin>
    <sympin number="8" originx="700" originy="400" rotation="90" length="100" width="7.8740157480315" flipped="False">
      <text name="pinname" originx="700" originy="370" style="Default" rotation="0" justify="right" flipped="False" hidden="False" data="NC_1" />
      <text name="pindes" originx="680" originy="460" style="Default" rotation="0" justify="lowerleft" flipped="False" hidden="False" data="8" />
    </sympin>
    <sympin number="9" originx="600" originy="400" rotation="90" length="100" width="7.8740157480315" flipped="False">
      <text name="pinname" originx="600" originy="370" style="Default" rotation="0" justify="right" flipped="False" hidden="False" data="NC_2" />
      <text name="pindes" originx="580" originy="460" style="Default" rotation="0" justify="lowerleft" flipped="False" hidden="False" data="9" />
    </sympin>
    <sympin number="10" originx="500" originy="400" rotation="90" length="100" width="7.8740157480315" flipped="False">
      <text name="pinname" originx="500" originy="370" style="Default" rotation="0" justify="right" flipped="False" hidden="False" data="NC_3" />
      <text name="pindes" originx="480" originy="460" style="Default" rotation="0" justify="lowerleft" flipped="False" hidden="False" data="10" />
    </sympin>
    <sympin number="11" originx="400" originy="400" rotation="90" length="100" width="7.8740157480315" flipped="False">
      <text name="pinname" originx="400" originy="370" style="Default" rotation="0" justify="right" flipped="False" hidden="False" data="NC_4" />
      <text name="pindes" originx="380" originy="460" style="Default" rotation="0" justify="lowerleft" flipped="False" hidden="False" data="11" />
    </sympin>
    <sympin number="12" originx="200" originy="0" rotation="180" length="100" width="7.8740157480315" flipped="False">
      <text name="pinname" originx="230" originy="0" style="Default" rotation="0" justify="left" flipped="False" hidden="False" data="GND_1" />
      <text name="pindes" originx="140" originy="20" style="Default" rotation="0" justify="lowerright" flipped="False" hidden="False" data="12" />
    </sympin>
    <sympin number="13" originx="1000" originy="0" rotation="0" length="100" width="7.8740157480315" flipped="False">
      <text name="pinname" originx="970" originy="0" style="Default" rotation="0" justify="right" flipped="False" hidden="False" data="GND_2" />
      <text name="pindes" originx="1060" originy="20" style="Default" rotation="0" justify="lowerleft" flipped="False" hidden="False" data="13" />
    </sympin>
  </symbol>
  <component name="VCNL4010-GS08" designatorprefix="IC" height="29.527559055118" footprint="VCNL4010GS08">
    <comppin designator="1" sympin="1" pinswap="0" gateswap="0" gate="1" group="1" side="" type="Any" name="IR_ANODE" />
    <comppin designator="2" sympin="2" pinswap="0" gateswap="0" gate="1" group="1" side="" type="Any" name="IR_CATHODE" />
    <comppin designator="3" sympin="3" pinswap="0" gateswap="0" gate="1" group="1" side="" type="Any" name="IR_CATHODE_" />
    <comppin designator="4" sympin="4" pinswap="0" gateswap="0" gate="1" group="1" side="" type="Any" name="SDA" />
    <comppin designator="5" sympin="5" pinswap="0" gateswap="0" gate="1" group="1" side="" type="Any" name="SCL" />
    <comppin designator="6" sympin="6" pinswap="0" gateswap="0" gate="1" group="1" side="" type="Any" name="INT" />
    <comppin designator="7" sympin="7" pinswap="0" gateswap="0" gate="1" group="1" side="" type="Any" name="VDD" />
    <comppin designator="8" sympin="8" pinswap="0" gateswap="0" gate="1" group="1" side="" type="Any" name="NC_1" />
    <comppin designator="9" sympin="9" pinswap="0" gateswap="0" gate="1" group="1" side="" type="Any" name="NC_2" />
    <comppin designator="10" sympin="10" pinswap="0" gateswap="0" gate="1" group="1" side="" type="Any" name="NC_3" />
    <comppin designator="11" sympin="11" pinswap="0" gateswap="0" gate="1" group="1" side="" type="Any" name="NC_4" />
    <comppin designator="12" sympin="12" pinswap="0" gateswap="0" gate="1" group="1" side="" type="Any" name="GND_1" />
    <comppin designator="13" sympin="13" pinswap="0" gateswap="0" gate="1" group="1" side="" type="Any" name="GND_2" />
    <attached_symbol gate="1" name="VCNL4010-GS08" />
    <pinmap designator="1" footprintpin="1" />
    <pinmap designator="2" footprintpin="2" />
    <pinmap designator="3" footprintpin="3" />
    <pinmap designator="4" footprintpin="4" />
    <pinmap designator="5" footprintpin="5" />
    <pinmap designator="6" footprintpin="6" />
    <pinmap designator="7" footprintpin="7" />
    <pinmap designator="8" footprintpin="8" />
    <pinmap designator="9" footprintpin="9" />
    <pinmap designator="10" footprintpin="10" />
    <pinmap designator="11" footprintpin="11" />
    <pinmap designator="12" footprintpin="12" />
    <pinmap designator="13" footprintpin="13" />
    <text name="Datasheet" originx="0" originy="0" style="Default" rotation="0" justify="" flipped="False" hidden="True" data="https://componentsearchengine.com/Datasheets/2/VCNL4010-GS08.pdf" />
    <text name="Description" originx="0" originy="0" style="Default" rotation="0" justify="" flipped="False" hidden="True" data="Proximity &amp; Ambient Light Sensor I2C SMD Vishay VCNL4010-GS08 SMT Reflective Sensor, Microcontroller Output" />
    <text name="Mouser Part Number" originx="0" originy="0" style="Default" rotation="0" justify="" flipped="False" hidden="True" data="78-VCNL4010-GS08" />
    <text name="Mouser Price/Stock" originx="0" originy="0" style="Default" rotation="0" justify="" flipped="False" hidden="True" data="https://www.mouser.co.uk/ProductDetail/Vishay-Semiconductors/VCNL4010-GS08?qs=s4XK1XdnRik7x1pyEKUO2w%3D%3D" />
    <text name="Manufacturer_Name" originx="0" originy="0" style="Default" rotation="0" justify="" flipped="False" hidden="True" data="Vishay" />
    <text name="Manufacturer_Part_Number" originx="1050" originy="500" style="Default" rotation="0" justify="left" flipped="False" hidden="False" data="VCNL4010-GS08" />
  </component>
</quadcept_library>
